[
    {
      "type": 16, 
      "name": "2019 Bandana"
    }, 
    {
      "type": 7, 
      "name": "2019 Bandana Blueprint"
    }, 
    {
      "type": 14, 
      "name": "2019.03 Premium"
    }, 
    {
      "type": 21, 
      "name": "Abysmal Knight Card"
    }, 
    {
      "type": 18, 
      "name": "Abysmal Knight Shield"
    }, 
    {
      "type": 7, 
      "name": "Abysmal Knight Shield Blueprint"
    }, 
    {
      "type": 11, 
      "name": "Abyss Flower"
    }, 
    {
      "type": 8, 
      "name": "Activity Stone"
    }, 
    {
      "type": 5, 
      "name": "Advanced Sack Teddy Shoes"
    }, 
    {
      "type": 5, 
      "name": "Advanced Sack Teddy Shoes [1]"
    }, 
    {
      "type": 1, 
      "name": "Advanced Survival Staff [1]"
    }, 
    {
      "type": 1, 
      "name": "Advanced Survival Staff [2]"
    }, 
    {
      "type": 4, 
      "name": "Advanced Survivor's Manteau"
    }, 
    {
      "type": 4, 
      "name": "Advanced Survivor's Manteau [1]"
    }, 
    {
      "type": 3, 
      "name": "Aebecee's Raging Typhoon Armor"
    }, 
    {
      "type": 3, 
      "name": "Aebecee's Raging Typhoon Armor [1]"
    }, 
    {
      "type": 11, 
      "name": "Agate"
    }, 
    {
      "type": 6, 
      "name": "Agate Clip"
    }, 
    {
      "type": 6, 
      "name": "Agate Clip [1]"
    }, 
    {
      "type": 23, 
      "name": "Agav Card"
    }, 
    {
      "type": 1, 
      "name": "Agent Katar [1]"
    }, 
    {
      "type": 1, 
      "name": "Agent Katar [2]"
    }, 
    {
      "type": 6, 
      "name": "AGI Pin"
    }, 
    {
      "type": 6, 
      "name": "AGI Pin [1]"
    }, 
    {
      "type": 22, 
      "name": "Agua Elemental Card"
    }, 
    {
      "type": 21, 
      "name": "Air Wave Card"
    }, 
    {
      "type": 25, 
      "name": "Alarm Card"
    }, 
    {
      "type": 22, 
      "name": "Alice Card"
    }, 
    {
      "type": 16, 
      "name": "Alice Doll"
    }, 
    {
      "type": 3, 
      "name": "Alloy Armor"
    }, 
    {
      "type": 3, 
      "name": "Alloy Armor [1]"
    }, 
    {
      "type": 3, 
      "name": "Alloy Mail"
    }, 
    {
      "type": 3, 
      "name": "Alloy Mail [1]"
    }, 
    {
      "type": 11, 
      "name": "Amethyst"
    }, 
    {
      "type": 26, 
      "name": "Anacondaq Card"
    }, 
    {
      "type": 4, 
      "name": "Ancient Cape"
    }, 
    {
      "type": 4, 
      "name": "Ancient Cape [1]"
    }, 
    {
      "type": 23, 
      "name": "Ancient Clock Card"
    }, 
    {
      "type": 21, 
      "name": "Andre Card"
    }, 
    {
      "type": 16, 
      "name": "Angel Wing"
    }, 
    {
      "type": 7, 
      "name": "Angel Wing Blueprint"
    }, 
    {
      "type": 3, 
      "name": "Angelic Protection"
    }, 
    {
      "type": 3, 
      "name": "Angelic Protection [1]"
    }, 
    {
      "type": 16, 
      "name": "Angeling Hairpin"
    }, 
    {
      "type": 7, 
      "name": "Angeling Hairpin Blueprint"
    }, 
    {
      "type": 17, 
      "name": "Angled Glasses"
    }, 
    {
      "type": 7, 
      "name": "Angled Glasses Blueprint"
    }, 
    {
      "type": 19, 
      "name": "Angry Snarl"
    }, 
    {
      "type": 7, 
      "name": "Angry Snarl Blueprint"
    }, 
    {
      "type": 16, 
      "name": "Angry Solo Hat [1]"
    }, 
    {
      "type": 17, 
      "name": "Annoyed Mask"
    }, 
    {
      "type": 7, 
      "name": "Annoyed Mask Blueprint"
    }, 
    {
      "type": 23, 
      "name": "Anolian Card"
    }, 
    {
      "type": 11, 
      "name": "Antenna"
    }, 
    {
      "type": 16, 
      "name": "Antlers [1]"
    }, 
    {
      "type": 22, 
      "name": "Anubis Card"
    }, 
    {
      "type": 8, 
      "name": "Apple Juice"
    }, 
    {
      "type": 16, 
      "name": "Apple of Archer"
    }, 
    {
      "type": 7, 
      "name": "Apple of Archer Blueprint"
    }, 
    {
      "type": 22, 
      "name": "Aqua Elemental Card"
    }, 
    {
      "type": 11, 
      "name": "Aquamarine"
    }, 
    {
      "type": 16, 
      "name": "Aquarius Crown"
    }, 
    {
      "type": 7, 
      "name": "Aquarius Crown Blueprint"
    }, 
    {
      "type": 16, 
      "name": "Aquarius Diadem [1]"
    }, 
    {
      "type": 7, 
      "name": "Aquarius Diadem [1] Blueprint"
    }, 
    {
      "type": 23, 
      "name": "Archer Skeleton *Card"
    }, 
    {
      "type": 21, 
      "name": "Archer Skeleton Card"
    }, 
    {
      "type": 23, 
      "name": "Argiope Card"
    }, 
    {
      "type": 16, 
      "name": "Aries Crown"
    }, 
    {
      "type": 7, 
      "name": "Aries Crown Blueprint"
    }, 
    {
      "type": 13, 
      "name": "Armlet of Obedience"
    }, 
    {
      "type": 11, 
      "name": "Armor Shard"
    }, 
    {
      "type": 16, 
      "name": "Army Cap"
    }, 
    {
      "type": 7, 
      "name": "Army Cap Blueprint"
    }, 
    {
      "type": 1, 
      "name": "Attached Sword [1]"
    }, 
    {
      "type": 1, 
      "name": "Attached Sword [2]"
    }, 
    {
      "type": 8, 
      "name": "Awakening Potion"
    }, 
    {
      "type": 16, 
      "name": "Ayam [1]"
    }, 
    {
      "type": 19, 
      "name": "Baby Pacifier"
    }, 
    {
      "type": 7, 
      "name": "Baby Pacifier Blueprint"
    }, 
    {
      "type": 16, 
      "name": "Bandana"
    }, 
    {
      "type": 7, 
      "name": "Bandana Blueprint"
    }, 
    {
      "type": 16, 
      "name": "Bao Bao [1]"
    }, 
    {
      "type": 24, 
      "name": "Baphomet Jr. Card"
    }, 
    {
      "type": 23, 
      "name": "Bathory Card"
    }, 
    {
      "type": 1, 
      "name": "Battle Berdysz [1]"
    }, 
    {
      "type": 1, 
      "name": "Battle Berdysz [2]"
    }, 
    {
      "type": 1, 
      "name": "Bazerald [1]"
    }, 
    {
      "type": 1, 
      "name": "Bazerald [2]"
    }, 
    {
      "type": 3, 
      "name": "Beast Heart"
    }, 
    {
      "type": 3, 
      "name": "Beast Heart [1]"
    }, 
    {
      "type": 20, 
      "name": "Beast's Tail"
    }, 
    {
      "type": 7, 
      "name": "Beast's Tail Blueprint"
    }, 
    {
      "type": 11, 
      "name": "Bell"
    }, 
    {
      "type": 16, 
      "name": "Bell Ribbon [1]"
    }, 
    {
      "type": 1, 
      "name": "Berdysz [1]"
    }, 
    {
      "type": 1, 
      "name": "Berdysz [2]"
    }, 
    {
      "type": 16, 
      "name": "Beret"
    }, 
    {
      "type": 1, 
      "name": "Berserk [1]"
    }, 
    {
      "type": 16, 
      "name": "Big Ribbon [1]"
    }, 
    {
      "type": 7, 
      "name": "Big Ribbon [1] Blueprint"
    }, 
    {
      "type": 22, 
      "name": "Bigfoot Card"
    }, 
    {
      "type": 1, 
      "name": "Bill Guisarme [1]"
    }, 
    {
      "type": 1, 
      "name": "Bill Guisarme [2]"
    }, 
    {
      "type": 11, 
      "name": "Biotite"
    }, 
    {
      "type": 16, 
      "name": "Biretta [1]"
    }, 
    {
      "type": 11, 
      "name": "Black Dyestuffs"
    }, 
    {
      "type": 1, 
      "name": "Black Wing [1]"
    }, 
    {
      "type": 1, 
      "name": "Black Wing [2]"
    }, 
    {
      "type": 25, 
      "name": "Black Witch *Card"
    }, 
    {
      "type": 27, 
      "name": "Black Witch Card"
    }, 
    {
      "type": 17, 
      "name": "Blinker"
    }, 
    {
      "type": 1, 
      "name": "Blood Axe [1]"
    }, 
    {
      "type": 1, 
      "name": "Blood Axe [2]"
    }, 
    {
      "type": 19, 
      "name": "Blood Sucker"
    }, 
    {
      "type": 7, 
      "name": "Blood Sucker Blueprint"
    }, 
    {
      "type": 1, 
      "name": "Blood Tears [1]"
    }, 
    {
      "type": 1, 
      "name": "Blood Tears [2]"
    }, 
    {
      "type": 1, 
      "name": "Bloody Axe [1]"
    }, 
    {
      "type": 1, 
      "name": "Bloody Axe [2]"
    }, 
    {
      "type": 11, 
      "name": "Bloody Rune"
    }, 
    {
      "type": 19, 
      "name": "Blow Gun"
    }, 
    {
      "type": 7, 
      "name": "Blow Gun Blueprint"
    }, 
    {
      "type": 16, 
      "name": "Blue Hairband"
    }, 
    {
      "type": 4, 
      "name": "Blueeve Cape"
    }, 
    {
      "type": 4, 
      "name": "Blueeve Cape [1]"
    }, 
    {
      "type": 17, 
      "name": "Blush"
    }, 
    {
      "type": 3, 
      "name": "Bohemian Coat"
    }, 
    {
      "type": 3, 
      "name": "Bohemian Coat [1]"
    }, 
    {
      "type": 16, 
      "name": "Bomb Wick"
    }, 
    {
      "type": 7, 
      "name": "Bomb Wick Blueprint"
    }, 
    {
      "type": 16, 
      "name": "Bone Helm"
    }, 
    {
      "type": 7, 
      "name": "Bone Helm Blueprint"
    }, 
    {
      "type": 19, 
      "name": "Bone in Mouth"
    }, 
    {
      "type": 7, 
      "name": "Bone in Mouth Blueprint"
    }, 
    {
      "type": 21, 
      "name": "Bongun Card"
    }, 
    {
      "type": 16, 
      "name": "Bongun Hat [1]"
    }, 
    {
      "type": 7, 
      "name": "Bongun Hat [1] Blueprint"
    }, 
    {
      "type": 13, 
      "name": "Book of the Devil"
    }, 
    {
      "type": 11, 
      "name": "Box Wrapper"
    }, 
    {
      "type": 16, 
      "name": "Boy's Cap [1]"
    }, 
    {
      "type": 7, 
      "name": "Boy's Cap [1] Blueprint"
    }, 
    {
      "type": 11, 
      "name": "Brigan"
    }, 
    {
      "type": 23, 
      "name": "Brilight Card"
    }, 
    {
      "type": 11, 
      "name": "Broken Blade"
    }, 
    {
      "type": 6, 
      "name": "Brooch"
    }, 
    {
      "type": 6, 
      "name": "Brooch [1]"
    }, 
    {
      "type": 11, 
      "name": "Brown Dyestuffs"
    }, 
    {
      "type": 16, 
      "name": "Bunny Band [1]"
    }, 
    {
      "type": 5, 
      "name": "Bunny Slipper"
    }, 
    {
      "type": 11, 
      "name": "Burning Hair"
    }, 
    {
      "type": 11, 
      "name": "Burning Heart"
    }, 
    {
      "type": 1, 
      "name": "Buster [1]"
    }, 
    {
      "type": 1, 
      "name": "Buster [2]"
    }, 
    {
      "type": 16, 
      "name": "Butterfly Hairpin"
    }, 
    {
      "type": 17, 
      "name": "Butterfly Wing Ears"
    }, 
    {
      "type": 7, 
      "name": "Butterfly Wing Ears Blueprint"
    }, 
    {
      "type": 1, 
      "name": "Calder Dagger [1]"
    }, 
    {
      "type": 1, 
      "name": "Calder Dagger [2]"
    }, 
    {
      "type": 16, 
      "name": "Candle"
    }, 
    {
      "type": 7, 
      "name": "Candle Blueprint"
    }, 
    {
      "type": 8, 
      "name": "Candy"
    }, 
    {
      "type": 16, 
      "name": "Candy Bag"
    }, 
    {
      "type": 7, 
      "name": "Candy Bag Blueprint"
    }, 
    {
      "type": 16, 
      "name": "Cap [1]"
    }, 
    {
      "type": 7, 
      "name": "Cap [1] Blueprint"
    }, 
    {
      "type": 16, 
      "name": "Cap Of Blindness [1]"
    }, 
    {
      "type": 7, 
      "name": "Cap Of Blindness [1] Blueprint"
    }, 
    {
      "type": 16, 
      "name": "Capricorn Crown"
    }, 
    {
      "type": 7, 
      "name": "Capricorn Crown Blueprint"
    }, 
    {
      "type": 26, 
      "name": "Caramel Card"
    }, 
    {
      "type": 27, 
      "name": "Carat Card"
    }, 
    {
      "type": 1, 
      "name": "Cardo [1]"
    }, 
    {
      "type": 1, 
      "name": "Cardo [2]"
    }, 
    {
      "type": 11, 
      "name": "Cat Grass"
    }, 
    {
      "type": 3, 
      "name": "Cat's Blessing"
    }, 
    {
      "type": 3, 
      "name": "Cat's Blessing [1]"
    }, 
    {
      "type": 22, 
      "name": "Centipede Card"
    }, 
    {
      "type": 3, 
      "name": "Chain Mail"
    }, 
    {
      "type": 3, 
      "name": "Chain Mail [1]"
    }, 
    {
      "type": 16, 
      "name": "Charming Ribbon [1]"
    }, 
    {
      "type": 2, 
      "name": "Chemical Protection Gloves"
    }, 
    {
      "type": 2, 
      "name": "Chemical Protection Gloves [1]"
    }, 
    {
      "type": 19, 
      "name": "Chocolate Donuts"
    }, 
    {
      "type": 25, 
      "name": "Chon Chon Card"
    }, 
    {
      "type": 16, 
      "name": "Christmas Beret"
    }, 
    {
      "type": 7, 
      "name": "Christmas Beret Blueprint"
    }, 
    {
      "type": 11, 
      "name": "Christmas Eggyra"
    }, 
    {
      "type": 11, 
      "name": "Christmas Garland"
    }, 
    {
      "type": 16, 
      "name": "Christmas Horn"
    }, 
    {
      "type": 7, 
      "name": "Christmas Horn Blueprint"
    }, 
    {
      "type": 16, 
      "name": "Christmas Pack"
    }, 
    {
      "type": 7, 
      "name": "Christmas Pack Blueprint"
    }, 
    {
      "type": 16, 
      "name": "Christmas Propeller"
    }, 
    {
      "type": 7, 
      "name": "Christmas Propeller Blueprint"
    }, 
    {
      "type": 11, 
      "name": "Christmas Socks"
    }, 
    {
      "type": 16, 
      "name": "Christmas Song"
    }, 
    {
      "type": 7, 
      "name": "Christmas Song Blueprint"
    }, 
    {
      "type": 19, 
      "name": "Cigarette"
    }, 
    {
      "type": 7, 
      "name": "Cigarette Blueprint"
    }, 
    {
      "type": 1, 
      "name": "Claw [1]"
    }, 
    {
      "type": 1, 
      "name": "Claw [2]"
    }, 
    {
      "type": 3, 
      "name": "Claytos Cracking Earth Armor"
    }, 
    {
      "type": 3, 
      "name": "Claytos Cracking Earth Armor [1]"
    }, 
    {
      "type": 1, 
      "name": "Cleaver [1]"
    }, 
    {
      "type": 1, 
      "name": "Cleaver [2]"
    }, 
    {
      "type": 6, 
      "name": "Clip"
    }, 
    {
      "type": 6, 
      "name": "Clip [1]"
    }, 
    {
      "type": 17, 
      "name": "Clown Nose"
    }, 
    {
      "type": 7, 
      "name": "Clown Nose Blueprint"
    }, 
    {
      "type": 11, 
      "name": "Coal"
    }, 
    {
      "type": 4, 
      "name": "Coat of Dragon Scale"
    }, 
    {
      "type": 4, 
      "name": "Coat of Dragon Scale [1]"
    }, 
    {
      "type": 11, 
      "name": "Cobaltblue Dyestuffs"
    }, 
    {
      "type": 16, 
      "name": "Coif [1]"
    }, 
    {
      "type": 7, 
      "name": "Coif [1] Blueprint"
    }, 
    {
      "type": 13, 
      "name": "Contract in Shadow"
    }, 
    {
      "type": 25, 
      "name": "Cookie Card"
    }, 
    {
      "type": 22, 
      "name": "Cornus Card"
    }, 
    {
      "type": 7, 
      "name": "Corolla Blueprint"
    }, 
    {
      "type": 16, 
      "name": "Coronet"
    }, 
    {
      "type": 7, 
      "name": "Coronet Blueprint"
    }, 
    {
      "type": 16, 
      "name": "Corsair [1]"
    }, 
    {
      "type": 7, 
      "name": "Corsair [1] Blueprint"
    }, 
    {
      "type": 4, 
      "name": "Cotton Shirt"
    }, 
    {
      "type": 4, 
      "name": "Cotton Shirt [1]"
    }, 
    {
      "type": 27, 
      "name": "Cramp Card"
    }, 
    {
      "type": 26, 
      "name": "Creamy Card"
    }, 
    {
      "type": 1, 
      "name": "Crescent Scythe [1]"
    }, 
    {
      "type": 1, 
      "name": "Crescent Scythe [2]"
    }, 
    {
      "type": 16, 
      "name": "Cresent Hairpin"
    }, 
    {
      "type": 1, 
      "name": "Croce Staff [1]"
    }, 
    {
      "type": 1, 
      "name": "Croce Staff [2]"
    }, 
    {
      "type": 1, 
      "name": "Cross Bow [1]"
    }, 
    {
      "type": 1, 
      "name": "Cross Bow [2]"
    }, 
    {
      "type": 16, 
      "name": "Crown [1]"
    }, 
    {
      "type": 7, 
      "name": "Crown [1] Blueprint"
    }, 
    {
      "type": 16, 
      "name": "Crown of Ancient Queen"
    }, 
    {
      "type": 7, 
      "name": "Crown of Ancient Queen Blueprint"
    }, 
    {
      "type": 21, 
      "name": "Cruiser Card"
    }, 
    {
      "type": 11, 
      "name": "Crystal Bone"
    }, 
    {
      "type": 11, 
      "name": "Crystal Mirror"
    }, 
    {
      "type": 5, 
      "name": "Crystal Pumps"
    }, 
    {
      "type": 5, 
      "name": "Crystal Pumps [1]"
    }, 
    {
      "type": 17, 
      "name": "Cultish Masque"
    }, 
    {
      "type": 7, 
      "name": "Cultish Masque Blueprint"
    }, 
    {
      "type": 1, 
      "name": "Cursed Lyre [1]"
    }, 
    {
      "type": 1, 
      "name": "Cursed Lyre [2]"
    }, 
    {
      "type": 11, 
      "name": "Cursed Ruby"
    }, 
    {
      "type": 16, 
      "name": "Cute Reindeer Horn"
    }, 
    {
      "type": 7, 
      "name": "Cute Reindeer Horn Blueprint"
    }, 
    {
      "type": 16, 
      "name": "Cute Ribbon"
    }, 
    {
      "type": 7, 
      "name": "Cute Ribbon Blueprint"
    }, 
    {
      "type": 1, 
      "name": "Cutlus [1]"
    }, 
    {
      "type": 1, 
      "name": "Cutlus [2]"
    }, 
    {
      "type": 11, 
      "name": "Cyfar"
    }, 
    {
      "type": 16, 
      "name": "Dark Knight Mask"
    }, 
    {
      "type": 7, 
      "name": "Dark Knight Mask Blueprint"
    }, 
    {
      "type": 21, 
      "name": "Dark Priest Card"
    }, 
    {
      "type": 22, 
      "name": "Dark Shadow Card"
    }, 
    {
      "type": 3, 
      "name": "Deathcat Armor"
    }, 
    {
      "type": 3, 
      "name": "Deathcat Armor [1]"
    }, 
    {
      "type": 5, 
      "name": "Deathcat Boots"
    }, 
    {
      "type": 4, 
      "name": "Deathcat Cape"
    }, 
    {
      "type": 16, 
      "name": "Deathcat Helm [1]"
    }, 
    {
      "type": 5, 
      "name": "Deathcat Shoes"
    }, 
    {
      "type": 5, 
      "name": "Deathcat Shoes [1]"
    }, 
    {
      "type": 14, 
      "name": "Dec. 2018 Premium"
    }, 
    {
      "type": 16, 
      "name": "Decorative Golden Bell"
    }, 
    {
      "type": 7, 
      "name": "Decorative Golden Bell Blueprint"
    }, 
    {
      "type": 16, 
      "name": "Desert Prince [1]"
    }, 
    {
      "type": 1, 
      "name": "Desert Twilight [1]"
    }, 
    {
      "type": 1, 
      "name": "Desert Twilight [2]"
    }, 
    {
      "type": 21, 
      "name": "Desert Wolf Card"
    }, 
    {
      "type": 24, 
      "name": "Deviling Card"
    }, 
    {
      "type": 27, 
      "name": "Deviruchi Card"
    }, 
    {
      "type": 16, 
      "name": "Deviruchi Hat"
    }, 
    {
      "type": 7, 
      "name": "Deviruchi Hat Blueprint"
    }, 
    {
      "type": 20, 
      "name": "Deviruchi Tail"
    }, 
    {
      "type": 4, 
      "name": "Doflamingo Cape"
    }, 
    {
      "type": 4, 
      "name": "Doflamingo Cape [1]"
    }, 
    {
      "type": 11, 
      "name": "Dog Teeth"
    }, 
    {
      "type": 6, 
      "name": "Dogtooth Gloves"
    }, 
    {
      "type": 6, 
      "name": "Dogtooth Gloves [1]"
    }, 
    {
      "type": 23, 
      "name": "Dokebi Card"
    }, 
    {
      "type": 16, 
      "name": "Dokebi Horn [1]"
    }, 
    {
      "type": 7, 
      "name": "Dokebi Horn [1] Blueprint"
    }, 
    {
      "type": 1, 
      "name": "Doom Axe [1]"
    }, 
    {
      "type": 1, 
      "name": "Doom Axe [2]"
    }, 
    {
      "type": 1, 
      "name": "Doom Slayer [1]"
    }, 
    {
      "type": 1, 
      "name": "Doom Slayer [2]"
    }, 
    {
      "type": 1, 
      "name": "Double Bound [1]"
    }, 
    {
      "type": 1, 
      "name": "Double Bound [2]"
    }, 
    {
      "type": 22, 
      "name": "Draco Card"
    }, 
    {
      "type": 24, 
      "name": "Dragon Fly Card"
    }, 
    {
      "type": 11, 
      "name": "Dragon Scale"
    }, 
    {
      "type": 17, 
      "name": "Dragon Scale Stripe"
    }, 
    {
      "type": 7, 
      "name": "Dragon Scale Stripe Blueprint"
    }, 
    {
      "type": 3, 
      "name": "Dragon Vest"
    }, 
    {
      "type": 3, 
      "name": "Dragon Vest [1]"
    }, 
    {
      "type": 21, 
      "name": "Drainliar Card"
    }, 
    {
      "type": 16, 
      "name": "Driver Band [1]"
    }, 
    {
      "type": 16, 
      "name": "Drooping Baphomet Jr."
    }, 
    {
      "type": 7, 
      "name": "Drooping Baphomet Jr. Blueprint"
    }, 
    {
      "type": 4, 
      "name": "Duff's Cape"
    }, 
    {
      "type": 24, 
      "name": "Dustiness Card"
    }, 
    {
      "type": 16, 
      "name": "Ear Muffs"
    }, 
    {
      "type": 1, 
      "name": "Earth Axe [1]"
    }, 
    {
      "type": 1, 
      "name": "Earth Axe [2]"
    }, 
    {
      "type": 8, 
      "name": "Earth Controlling Alloy"
    }, 
    {
      "type": 8, 
      "name": "Earth Immunity Alloy"
    }, 
    {
      "type": 1, 
      "name": "Earth Knife [1]"
    }, 
    {
      "type": 8, 
      "name": "Earth Mastery Alloy"
    }, 
    {
      "type": 24, 
      "name": "Eclipse Card"
    }, 
    {
      "type": 18, 
      "name": "Eden Team Bag"
    }, 
    {
      "type": 16, 
      "name": "Eden Team Hat"
    }, 
    {
      "type": 16, 
      "name": "Eden Team Turban [1]"
    }, 
    {
      "type": 16, 
      "name": "Eggshell"
    }, 
    {
      "type": 7, 
      "name": "Eggshell Blueprint"
    }, 
    {
      "type": 25, 
      "name": "Eggyra Card"
    }, 
    {
      "type": 21, 
      "name": "Elder Card"
    }, 
    {
      "type": 26, 
      "name": "Elder Willow *Card"
    }, 
    {
      "type": 27, 
      "name": "Elder Willow Card"
    }, 
    {
      "type": 1, 
      "name": "Elder's Hammer [1]"
    }, 
    {
      "type": 1, 
      "name": "Elder's Hammer [2]"
    }, 
    {
      "type": 9, 
      "name": "Elunium"
    }, 
    {
      "type": 17, 
      "name": "Elven Ears"
    }, 
    {
      "type": 7, 
      "name": "Elven Ears Blueprint"
    }, 
    {
      "type": 11, 
      "name": "Emperium"
    }, 
    {
      "type": 6, 
      "name": "Endurance Necklace"
    }, 
    {
      "type": 9, 
      "name": "Enriched Elunium"
    }, 
    {
      "type": 9, 
      "name": "Enriched Mithril"
    }, 
    {
      "type": 9, 
      "name": "Enriched Oridecon"
    }, 
    {
      "type": 2, 
      "name": "Evil Bracer"
    }, 
    {
      "type": 2, 
      "name": "Evil Bracer [1]"
    }, 
    {
      "type": 23, 
      "name": "Evil Druid Card"
    }, 
    {
      "type": 17, 
      "name": "Evil Eye"
    }, 
    {
      "type": 7, 
      "name": "Evil Eye Blueprint"
    }, 
    {
      "type": 17, 
      "name": "Evil Goblin Mask"
    }, 
    {
      "type": 7, 
      "name": "Evil Goblin Mask Blueprint"
    }, 
    {
      "type": 11, 
      "name": "Evil Horn"
    }, 
    {
      "type": 16, 
      "name": "Evil Marcher Hat [1]"
    }, 
    {
      "type": 7, 
      "name": "Evil Marcher Hat [1] Blueprint"
    }, 
    {
      "type": 16, 
      "name": "Evil Wing"
    }, 
    {
      "type": 7, 
      "name": "Evil Wing Ears Blueprint"
    }, 
    {
      "type": 2, 
      "name": "Exorcism Bible"
    }, 
    {
      "type": 2, 
      "name": "Exorcism Bible [1]"
    }, 
    {
      "type": 3, 
      "name": "Exorcist Robe"
    }, 
    {
      "type": 3, 
      "name": "Exorcist Robe [1]"
    }, 
    {
      "type": 8, 
      "name": "Expert Precision Stone"
    }, 
    {
      "type": 17, 
      "name": "Eye Bandage"
    }, 
    {
      "type": 7, 
      "name": "Eye Bandage Blueprint"
    }, 
    {
      "type": 6, 
      "name": "Eye of Dullahan"
    }, 
    {
      "type": 6, 
      "name": "Eye of Dullahan [1]"
    }, 
    {
      "type": 17, 
      "name": "Eye Scar"
    }, 
    {
      "type": 21, 
      "name": "Fabre Card"
    }, 
    {
      "type": 11, 
      "name": "Fabric"
    }, 
    {
      "type": 6, 
      "name": "Fairy in Bottle"
    }, 
    {
      "type": 6, 
      "name": "Fairy in Bottle [1]"
    }, 
    {
      "type": 1, 
      "name": "Falken Blitz [1]"
    }, 
    {
      "type": 1, 
      "name": "Falken Blitz [2]"
    }, 
    {
      "type": 21, 
      "name": "Familiar Card"
    }, 
    {
      "type": 16, 
      "name": "Fancy Flower"
    }, 
    {
      "type": 7, 
      "name": "Fancy Flower Blueprint"
    }, 
    {
      "type": 11, 
      "name": "Fang of Garm"
    }, 
    {
      "type": 1, 
      "name": "Fang of Garm [1]"
    }, 
    {
      "type": 1, 
      "name": "Fang of Garm [2]"
    }, 
    {
      "type": 11, 
      "name": "Feather"
    }, 
    {
      "type": 16, 
      "name": "Feather Beret [1]"
    }, 
    {
      "type": 7, 
      "name": "Feather Beret [1] Blueprint"
    }, 
    {
      "type": 16, 
      "name": "Feather Bonnet [1]"
    }, 
    {
      "type": 1, 
      "name": "Feather Mace [1]"
    }, 
    {
      "type": 1, 
      "name": "Feather Mace [2]"
    }, 
    {
      "type": 14, 
      "name": "Feb. 2019 Limited Premium"
    }, 
    {
      "type": 21, 
      "name": "Female Thief Bug Card"
    }, 
    {
      "type": 25, 
      "name": "Ferus Card"
    }, 
    {
      "type": 11, 
      "name": "Fiery Ember"
    }, 
    {
      "type": 17, 
      "name": "Fin Helm"
    }, 
    {
      "type": 7, 
      "name": "Fin Helm Blueprint"
    }, 
    {
      "type": 1, 
      "name": "Finger [1]"
    }, 
    {
      "type": 1, 
      "name": "Finger [2]"
    }, 
    {
      "type": 1, 
      "name": "Fire Axe [1]"
    }, 
    {
      "type": 1, 
      "name": "Fire Axe [2]"
    }, 
    {
      "type": 8, 
      "name": "Fire Controlling Alloy"
    }, 
    {
      "type": 11, 
      "name": "Fire Crystal"
    }, 
    {
      "type": 8, 
      "name": "Fire Immunity Alloy"
    }, 
    {
      "type": 1, 
      "name": "Fire Knife [1]"
    }, 
    {
      "type": 8, 
      "name": "Fire Mastery Alloy"
    }, 
    {
      "type": 19, 
      "name": "Fish In Mouth"
    }, 
    {
      "type": 7, 
      "name": "Fish In Mouth Blueprint"
    }, 
    {
      "type": 1, 
      "name": "Fist [1]"
    }, 
    {
      "type": 1, 
      "name": "Fist [2]"
    }, 
    {
      "type": 1, 
      "name": "Flamberge [1]"
    }, 
    {
      "type": 1, 
      "name": "Flamberge [2]"
    }, 
    {
      "type": 11, 
      "name": "Flame"
    }, 
    {
      "type": 8, 
      "name": "Flame Heart"
    }, 
    {
      "type": 6, 
      "name": "Flame Ring"
    }, 
    {
      "type": 6, 
      "name": "Flame Ring [1]"
    }, 
    {
      "type": 21, 
      "name": "Flora Card"
    }, 
    {
      "type": 2, 
      "name": "Floral Bracelet"
    }, 
    {
      "type": 2, 
      "name": "Floral Bracelet [1]"
    }, 
    {
      "type": 16, 
      "name": "Flower Band"
    }, 
    {
      "type": 6, 
      "name": "Flower Ring"
    }, 
    {
      "type": 6, 
      "name": "Flower Ring [1]"
    }, 
    {
      "type": 19, 
      "name": "Flu Mask"
    }, 
    {
      "type": 7, 
      "name": "Flu Mask Blueprint"
    }, 
    {
      "type": 16, 
      "name": "Flutter Butterfly [1]"
    }, 
    {
      "type": 7, 
      "name": "Flutter Butterfly [1] Blueprint"
    }, 
    {
      "type": 18, 
      "name": "Fog Snowman Horn"
    }, 
    {
      "type": 7, 
      "name": "Fog Snowman Horn Blueprint"
    }, 
    {
      "type": 1, 
      "name": "Forest Hunter [1]"
    }, 
    {
      "type": 1, 
      "name": "Forest Staff [1]"
    }, 
    {
      "type": 1, 
      "name": "Fortune Sword [1]"
    }, 
    {
      "type": 1, 
      "name": "Fortune Sword [2]"
    }, 
    {
      "type": 11, 
      "name": "Four Leaf Clover"
    }, 
    {
      "type": 16, 
      "name": "Fox Ears Bell Ribbon [1]"
    }, 
    {
      "type": 2, 
      "name": "Fox Wrist Guard"
    }, 
    {
      "type": 2, 
      "name": "Fox Wrist Guard [1]"
    }, 
    {
      "type": 16, 
      "name": "Fricca's Circlet"
    }, 
    {
      "type": 7, 
      "name": "Fricca's Circlet Blueprint"
    }, 
    {
      "type": 11, 
      "name": "Frozen Heart"
    }, 
    {
      "type": 11, 
      "name": "Frozen Rose"
    }, 
    {
      "type": 6, 
      "name": "Frozen Rose Ring"
    }, 
    {
      "type": 6, 
      "name": "Frozen Rose Ring [1]"
    }, 
    {
      "type": 1, 
      "name": "Fullblack Dagger [1]"
    }, 
    {
      "type": 1, 
      "name": "Fullblack Dagger [2]"
    }, 
    {
      "type": 1, 
      "name": "Gakkung Bow [1]"
    }, 
    {
      "type": 1, 
      "name": "Gakkung Bow [2]"
    }, 
    {
      "type": 22, 
      "name": "Gale Speed Card"
    }, 
    {
      "type": 26, 
      "name": "Gargoyle Card"
    }, 
    {
      "type": 11, 
      "name": "Garlet"
    }, 
    {
      "type": 3, 
      "name": "Garman Plate Armor"
    }, 
    {
      "type": 3, 
      "name": "Garman Plate Armor [1]"
    }, 
    {
      "type": 17, 
      "name": "Gas Mask"
    }, 
    {
      "type": 7, 
      "name": "Gas Mask Blueprint"
    }, 
    {
      "type": 16, 
      "name": "Gemini Crown"
    }, 
    {
      "type": 16, 
      "name": "Gemmed Sallet [1]"
    }, 
    {
      "type": 7, 
      "name": "Gemmed Sallet [1] Blueprint"
    }, 
    {
      "type": 1, 
      "name": "Gentleman's Staff [1]"
    }, 
    {
      "type": 1, 
      "name": "Gentleman's Staff [2]"
    }, 
    {
      "type": 16, 
      "name": "Ghost Bandana"
    }, 
    {
      "type": 7, 
      "name": "Ghost Bandana Blueprint"
    }, 
    {
      "type": 23, 
      "name": "Ghostring Card"
    }, 
    {
      "type": 1, 
      "name": "Giant Axe [1]"
    }, 
    {
      "type": 1, 
      "name": "Giant Axe [2]"
    }, 
    {
      "type": 1, 
      "name": "Giant Gloves [1]"
    }, 
    {
      "type": 1, 
      "name": "Giant Gloves [2]"
    }, 
    {
      "type": 27, 
      "name": "Giearth Card"
    }, 
    {
      "type": 16, 
      "name": "Gift Box Helm"
    }, 
    {
      "type": 7, 
      "name": "Gift Box Helm Blueprint"
    }, 
    {
      "type": 26, 
      "name": "Gingerbread Man Card"
    }, 
    {
      "type": 16, 
      "name": "Gingerbread Man Clip"
    }, 
    {
      "type": 7, 
      "name": "Gingerbread Man clip Blueprint"
    }, 
    {
      "type": 11, 
      "name": "Glass Bead"
    }, 
    {
      "type": 18, 
      "name": "Glass Snowman Horn"
    }, 
    {
      "type": 7, 
      "name": "Glass Snowman Horn Blueprint"
    }, 
    {
      "type": 17, 
      "name": "Glasses"
    }, 
    {
      "type": 11, 
      "name": "Glitter Shell"
    }, 
    {
      "type": 3, 
      "name": "Glittering Jacket"
    }, 
    {
      "type": 3, 
      "name": "Glittering Jacket [1]"
    }, 
    {
      "type": 6, 
      "name": "Glove"
    }, 
    {
      "type": 6, 
      "name": "Glove [1]"
    }, 
    {
      "type": 11, 
      "name": "Glow Metal"
    }, 
    {
      "type": 16, 
      "name": "Goat Helm"
    }, 
    {
      "type": 21, 
      "name": "Goblin Archer Card"
    }, 
    {
      "type": 21, 
      "name": "Goblin Card"
    }, 
    {
      "type": 17, 
      "name": "Goblin Leader Mask"
    }, 
    {
      "type": 7, 
      "name": "Goblin Leader Mask Blueprint"
    }, 
    {
      "type": 17, 
      "name": "Goblin Mask"
    }, 
    {
      "type": 7, 
      "name": "Goblin Mask Blueprint"
    }, 
    {
      "type": 3, 
      "name": "Goibne's Armor"
    }, 
    {
      "type": 3, 
      "name": "Goibne's Armor [1]"
    }, 
    {
      "type": 5, 
      "name": "Goibne's Greaves"
    }, 
    {
      "type": 5, 
      "name": "Goibne's Greaves [1]"
    }, 
    {
      "type": 16, 
      "name": "Goibne's Helm [1]"
    }, 
    {
      "type": 4, 
      "name": "Goibne's Spaulders"
    }, 
    {
      "type": 4, 
      "name": "Goibne's Spaulders [1]"
    }, 
    {
      "type": 16, 
      "name": "Gold Angel"
    }, 
    {
      "type": 11, 
      "name": "Gold Sand"
    }, 
    {
      "type": 16, 
      "name": "Golden Gear"
    }, 
    {
      "type": 7, 
      "name": "Golden Gear Blueprint"
    }, 
    {
      "type": 2, 
      "name": "Golden Ornament"
    }, 
    {
      "type": 2, 
      "name": "Golden Ornament [1]"
    }, 
    {
      "type": 21, 
      "name": "Golem Card"
    }, 
    {
      "type": 19, 
      "name": "Grampa Beard"
    }, 
    {
      "type": 7, 
      "name": "Grampa Beard Blueprint"
    }, 
    {
      "type": 16, 
      "name": "Grand Circlet"
    }, 
    {
      "type": 7, 
      "name": "Grand Circlet Blueprint"
    }, 
    {
      "type": 8, 
      "name": "Great Nature"
    }, 
    {
      "type": 26, 
      "name": "Greatest General Card"
    }, 
    {
      "type": 5, 
      "name": "Greaves"
    }, 
    {
      "type": 5, 
      "name": "Greaves [1]"
    }, 
    {
      "type": 13, 
      "name": "Green Apple"
    }, 
    {
      "type": 11, 
      "name": "Green Dyestuffs"
    }, 
    {
      "type": 16, 
      "name": "Green Feeler"
    }, 
    {
      "type": 7, 
      "name": "Green Feeler Blueprint"
    }, 
    {
      "type": 21, 
      "name": "Green Petite Card"
    }, 
    {
      "type": 1, 
      "name": "Green Steel Pike [1]"
    }, 
    {
      "type": 1, 
      "name": "Green Steel Pike [2]"
    }, 
    {
      "type": 16, 
      "name": "Grief for Greed"
    }, 
    {
      "type": 7, 
      "name": "Grief for Greed Blueprint"
    }, 
    {
      "type": 21, 
      "name": "Gryphon Card"
    }, 
    {
      "type": 1, 
      "name": "Guillotine [1]"
    }, 
    {
      "type": 1, 
      "name": "Guillotine Katar [1]"
    }, 
    {
      "type": 1, 
      "name": "Guillotine Katar [2]"
    }, 
    {
      "type": 1, 
      "name": "Haedonggum [1]"
    }, 
    {
      "type": 1, 
      "name": "Haedonggum [2]"
    }, 
    {
      "type": 16, 
      "name": "Hair Band"
    }, 
    {
      "type": 1, 
      "name": "Halberd [1]"
    }, 
    {
      "type": 1, 
      "name": "Halberd [2]"
    }, 
    {
      "type": 16, 
      "name": "Halo [1]"
    }, 
    {
      "type": 11, 
      "name": "Hand of God"
    }, 
    {
      "type": 11, 
      "name": "Hard Skin"
    }, 
    {
      "type": 11, 
      "name": "Harpy's Feather"
    }, 
    {
      "type": 16, 
      "name": "Hat [1]"
    }, 
    {
      "type": 7, 
      "name": "Hat [1] Blueprint"
    }, 
    {
      "type": 1, 
      "name": "Healing Staff [1]"
    }, 
    {
      "type": 1, 
      "name": "Healing Staff [2]"
    }, 
    {
      "type": 1, 
      "name": "Heart Breaker [1]"
    }, 
    {
      "type": 1, 
      "name": "Heart Breaker [2]"
    }, 
    {
      "type": 16, 
      "name": "Heart Hairpin"
    }, 
    {
      "type": 17, 
      "name": "Heart Sunglasses"
    }, 
    {
      "type": 7, 
      "name": "Heart Sunglasses Design"
    }, 
    {
      "type": 1, 
      "name": "Heavy Spear [1]"
    }, 
    {
      "type": 1, 
      "name": "Heavy Spear [2]"
    }, 
    {
      "type": 16, 
      "name": "Helm [1]"
    }, 
    {
      "type": 16, 
      "name": "Helmet of Orc Hero [1]"
    }, 
    {
      "type": 7, 
      "name": "Helmet of Orc Hero [1] Blueprint"
    }, 
    {
      "type": 11, 
      "name": "Heroic Emblem"
    }, 
    {
      "type": 16, 
      "name": "Hibiscus"
    }, 
    {
      "type": 7, 
      "name": "Hibiscus Blueprint"
    }, 
    {
      "type": 5, 
      "name": "High Fashion Sandals"
    }, 
    {
      "type": 5, 
      "name": "High Fashion Sandals [1]"
    }, 
    {
      "type": 5, 
      "name": "High Heels"
    }, 
    {
      "type": 5, 
      "name": "High Heels [1]"
    }, 
    {
      "type": 22, 
      "name": "High Orc Card"
    }, 
    {
      "type": 17, 
      "name": "Hockey Mask"
    }, 
    {
      "type": 7, 
      "name": "Hockey Mask Blueprint"
    }, 
    {
      "type": 24, 
      "name": "Hode Card"
    }, 
    {
      "type": 1, 
      "name": "Holy Avenger [1]"
    }, 
    {
      "type": 1, 
      "name": "Holy Avenger [2]"
    }, 
    {
      "type": 1, 
      "name": "Holy Dagger [1]"
    }, 
    {
      "type": 1, 
      "name": "Holy Dagger [2]"
    }, 
    {
      "type": 3, 
      "name": "Holy Robe"
    }, 
    {
      "type": 3, 
      "name": "Holy Robe [1]"
    }, 
    {
      "type": 1, 
      "name": "Holy Stick [1]"
    }, 
    {
      "type": 1, 
      "name": "Holy Stick [2]"
    }, 
    {
      "type": 8, 
      "name": "Honey"
    }, 
    {
      "type": 16, 
      "name": "Honey Jar"
    }, 
    {
      "type": 7, 
      "name": "Honey Jar Blueprint"
    }, 
    {
      "type": 21, 
      "name": "Hornet Card"
    }, 
    {
      "type": 18, 
      "name": "Horong"
    }, 
    {
      "type": 7, 
      "name": "Horong Blueprint"
    }, 
    {
      "type": 26, 
      "name": "Horong Card"
    }, 
    {
      "type": 16, 
      "name": "Hot-blooded Headband"
    }, 
    {
      "type": 7, 
      "name": "Hot-blooded Headband Blueprint"
    }, 
    {
      "type": 16, 
      "name": "HP Potion"
    }, 
    {
      "type": 21, 
      "name": "Hunter Fly Card"
    }, 
    {
      "type": 8, 
      "name": "Hurricane Controlling Alloy"
    }, 
    {
      "type": 8, 
      "name": "Hurricane Immunity Alloy"
    }, 
    {
      "type": 8, 
      "name": "Hurricane Mastery Alloy"
    }, 
    {
      "type": 18, 
      "name": "Hydra"
    }, 
    {
      "type": 7, 
      "name": "Hydra Blueprint"
    }, 
    {
      "type": 21, 
      "name": "Hydra Card"
    }, 
    {
      "type": 24, 
      "name": "Hyegun Card"
    }, 
    {
      "type": 16, 
      "name": "Hyegun Hat [1]"
    }, 
    {
      "type": 7, 
      "name": "Hyegun Hat [1] Blueprint"
    }, 
    {
      "type": 8, 
      "name": "Ice Controlling Alloy"
    }, 
    {
      "type": 11, 
      "name": "Ice Cube"
    }, 
    {
      "type": 8, 
      "name": "Ice Immunity Alloy"
    }, 
    {
      "type": 8, 
      "name": "Ice Mastery Alloy"
    }, 
    {
      "type": 1, 
      "name": "Ice Pick [1]"
    }, 
    {
      "type": 1, 
      "name": "Ice Pick [2]"
    }, 
    {
      "type": 16, 
      "name": "Ice Poring Clip"
    }, 
    {
      "type": 7, 
      "name": "Ice Poring Clip Blueprint"
    }, 
    {
      "type": 11, 
      "name": "Ice Powder"
    }, 
    {
      "type": 17, 
      "name": "Icy Brand"
    }, 
    {
      "type": 7, 
      "name": "Icy Brand Blueprint"
    }, 
    {
      "type": 11, 
      "name": "Immortal Heart"
    }, 
    {
      "type": 2, 
      "name": "Imperial Guard"
    }, 
    {
      "type": 2, 
      "name": "Imperial Guard [1]"
    }, 
    {
      "type": 27, 
      "name": "Incubus Card"
    }, 
    {
      "type": 16, 
      "name": "Incubus Horn"
    }, 
    {
      "type": 7, 
      "name": "Incubus Horn Blueprint"
    }, 
    {
      "type": 16, 
      "name": "Indian Fillet"
    }, 
    {
      "type": 16, 
      "name": "Indifferent Solo Hat [1]"
    }, 
    {
      "type": 7, 
      "name": "Indifferent Solo Hat [1] Blueprint"
    }, 
    {
      "type": 21, 
      "name": "Injustice Card"
    }, 
    {
      "type": 6, 
      "name": "INT Earring"
    }, 
    {
      "type": 6, 
      "name": "INT Earring [1]"
    }, 
    {
      "type": 11, 
      "name": "Iron"
    }, 
    {
      "type": 3, 
      "name": "Iron Armor"
    }, 
    {
      "type": 3, 
      "name": "Iron Armor [1]"
    }, 
    {
      "type": 19, 
      "name": "Iron Cain"
    }, 
    {
      "type": 7, 
      "name": "Iron Cain Blueprint"
    }, 
    {
      "type": 24, 
      "name": "Isis Card"
    }, 
    {
      "type": 1, 
      "name": "Ivory Knife [1]"
    }, 
    {
      "type": 1, 
      "name": "Ivory Lance [1]"
    }, 
    {
      "type": 1, 
      "name": "Ivory Lance [2]"
    }, 
    {
      "type": 24, 
      "name": "Jakk Card"
    }, 
    {
      "type": 14, 
      "name": "Jan. 2019 Premium"
    }, 
    {
      "type": 11, 
      "name": "Jellopy"
    }, 
    {
      "type": 16, 
      "name": "Jellyfish head [1]"
    }, 
    {
      "type": 7, 
      "name": "Jellyfish head [1] Blueprint"
    }, 
    {
      "type": 16, 
      "name": "Jewel Crown"
    }, 
    {
      "type": 7, 
      "name": "Jewel Crown Blueprint"
    }, 
    {
      "type": 26, 
      "name": "Joker Card"
    }, 
    {
      "type": 16, 
      "name": "Joker Jester"
    }, 
    {
      "type": 7, 
      "name": "Joker Jester Blueprint"
    }, 
    {
      "type": 26, 
      "name": "Kaho Card"
    }, 
    {
      "type": 18, 
      "name": "Katana"
    }, 
    {
      "type": 7, 
      "name": "Katana Blueprint"
    }, 
    {
      "type": 1, 
      "name": "Katar of Quaking [1]"
    }, 
    {
      "type": 1, 
      "name": "Katar of Quaking [2]"
    }, 
    {
      "type": 11, 
      "name": "Key of Clock Tower"
    }, 
    {
      "type": 22, 
      "name": "Khalitzburg Card"
    }, 
    {
      "type": 16, 
      "name": "Kitsune Mask"
    }, 
    {
      "type": 16, 
      "name": "Kitty Band"
    }, 
    {
      "type": 7, 
      "name": "Kitty Band Blueprint"
    }, 
    {
      "type": 1, 
      "name": "Knuckle Dusters [1]"
    }, 
    {
      "type": 1, 
      "name": "Knuckle Dusters [2]"
    }, 
    {
      "type": 21, 
      "name": "Kobold Archer Card"
    }, 
    {
      "type": 26, 
      "name": "Kobold Card"
    }, 
    {
      "type": 1, 
      "name": "Kronos [1]"
    }, 
    {
      "type": 1, 
      "name": "Kronos [2]"
    }, 
    {
      "type": 26, 
      "name": "Kukre Card"
    }, 
    {
      "type": 1, 
      "name": "Lance [1]"
    }, 
    {
      "type": 1, 
      "name": "Lance [2]"
    }, 
    {
      "type": 16, 
      "name": "Laurel Wreath [1]"
    }, 
    {
      "type": 7, 
      "name": "Laurel Wreath [1] Blueprint"
    }, 
    {
      "type": 11, 
      "name": "Lava Gem"
    }, 
    {
      "type": 16, 
      "name": "Leather Goggles"
    }, 
    {
      "type": 7, 
      "name": "Leather Goggles Blueprint"
    }, 
    {
      "type": 3, 
      "name": "Legion Plate Armor"
    }, 
    {
      "type": 16, 
      "name": "Legionnaire Hat [1]"
    }, 
    {
      "type": 7, 
      "name": "Legionnaire Hat [1] Blueprint"
    }, 
    {
      "type": 11, 
      "name": "Lemegeton Fur"
    }, 
    {
      "type": 11, 
      "name": "Lemegeton Tear"
    }, 
    {
      "type": 11, 
      "name": "Lemon Dyestuffs"
    }, 
    {
      "type": 16, 
      "name": "Leo Crown"
    }, 
    {
      "type": 7, 
      "name": "Leo Crown Blueprint"
    }, 
    {
      "type": 16, 
      "name": "Libra Crown"
    }, 
    {
      "type": 1, 
      "name": "Lich Staff [1]"
    }, 
    {
      "type": 1, 
      "name": "Lich Staff [2]"
    }, 
    {
      "type": 2, 
      "name": "Life Magic Book"
    }, 
    {
      "type": 11, 
      "name": "Light Granule"
    }, 
    {
      "type": 16, 
      "name": "Little Tree Hat"
    }, 
    {
      "type": 1, 
      "name": "Loki's Nail [1]"
    }, 
    {
      "type": 1, 
      "name": "Loki's Nail [2]"
    }, 
    {
      "type": 17, 
      "name": "Loki's Whispers"
    }, 
    {
      "type": 7, 
      "name": "Loki's Whispers Blueprint"
    }, 
    {
      "type": 1, 
      "name": "Long Horn [1]"
    }, 
    {
      "type": 1, 
      "name": "Long Horn [2]"
    }, 
    {
      "type": 3, 
      "name": "Lord's Clothes"
    }, 
    {
      "type": 3, 
      "name": "Lord's Clothes [1]"
    }, 
    {
      "type": 22, 
      "name": "Luciola Vespa Card"
    }, 
    {
      "type": 3, 
      "name": "Lucius's Fierce Armor of Volcano"
    }, 
    {
      "type": 3, 
      "name": "Lucius's Fierce Armor of Volcano [1]"
    }, 
    {
      "type": 6, 
      "name": "LUK Necklace"
    }, 
    {
      "type": 6, 
      "name": "LUK Necklace [1]"
    }, 
    {
      "type": 1, 
      "name": "Luna Bow [1]"
    }, 
    {
      "type": 1, 
      "name": "Luna Bow [2]"
    }, 
    {
      "type": 6, 
      "name": "Luna Brooch"
    }, 
    {
      "type": 6, 
      "name": "Luna Brooch [1]"
    }, 
    {
      "type": 22, 
      "name": "Lunatic *Card"
    }, 
    {
      "type": 21, 
      "name": "Lunatic Card"
    }, 
    {
      "type": 3, 
      "name": "Mage Coat"
    }, 
    {
      "type": 3, 
      "name": "Mage Coat [1]"
    }, 
    {
      "type": 16, 
      "name": "Mage Hat"
    }, 
    {
      "type": 16, 
      "name": "Mage Hat [1]"
    }, 
    {
      "type": 7, 
      "name": "Mage Hat Blueprint"
    }, 
    {
      "type": 16, 
      "name": "Maghni's Cap"
    }, 
    {
      "type": 2, 
      "name": "Magic Bible Vol1"
    }, 
    {
      "type": 2, 
      "name": "Magic Bible Vol1 [1]"
    }, 
    {
      "type": 16, 
      "name": "Magic Eyes"
    }, 
    {
      "type": 7, 
      "name": "Magic Eyes Blueprint"
    }, 
    {
      "type": 19, 
      "name": "Magic Firewood"
    }, 
    {
      "type": 7, 
      "name": "Magic Firewood Blueprint"
    }, 
    {
      "type": 16, 
      "name": "Magic Tea Pot"
    }, 
    {
      "type": 16, 
      "name": "Magni's Cap"
    }, 
    {
      "type": 21, 
      "name": "Magnolia Card"
    }, 
    {
      "type": 16, 
      "name": "Magnolia Hat [1]"
    }, 
    {
      "type": 7, 
      "name": "Magnolia Hat [1] Blueprint"
    }, 
    {
      "type": 16, 
      "name": "Maiden Band [1]"
    }, 
    {
      "type": 16, 
      "name": "Majestic Goat"
    }, 
    {
      "type": 7, 
      "name": "Majestic Goat Blueprint"
    }, 
    {
      "type": 1, 
      "name": "Malang Snow Crab [1]"
    }, 
    {
      "type": 1, 
      "name": "Malang Snow Crab [2]"
    }, 
    {
      "type": 25, 
      "name": "Male Thief Bug Card"
    }, 
    {
      "type": 11, 
      "name": "Mandragora"
    }, 
    {
      "type": 21, 
      "name": "Mandragora Card"
    }, 
    {
      "type": 21, 
      "name": "Mandragora Flower Card"
    }, 
    {
      "type": 4, 
      "name": "Manteau"
    }, 
    {
      "type": 4, 
      "name": "Manteau [1]"
    }, 
    {
      "type": 26, 
      "name": "Mantis Card"
    }, 
    {
      "type": 26, 
      "name": "Mao Guai Card"
    }, 
    {
      "type": 22, 
      "name": "Marc Card"
    }, 
    {
      "type": 19, 
      "name": "Marchosias' Arrow"
    }, 
    {
      "type": 18, 
      "name": "Marchosias' Bag"
    }, 
    {
      "type": 16, 
      "name": "Marchosias' Gaze"
    }, 
    {
      "type": 20, 
      "name": "Marchosias' Tail"
    }, 
    {
      "type": 27, 
      "name": "Marduk Card"
    }, 
    {
      "type": 21, 
      "name": "Marina Card"
    }, 
    {
      "type": 26, 
      "name": "Marine Sphere Card"
    }, 
    {
      "type": 24, 
      "name": "Marionette Card"
    }, 
    {
      "type": 24, 
      "name": "Marse Card"
    }, 
    {
      "type": 17, 
      "name": "Masquerade"
    }, 
    {
      "type": 7, 
      "name": "Masquerade Blueprint"
    }, 
    {
      "type": 8, 
      "name": "Mastela Fruit"
    }, 
    {
      "type": 24, 
      "name": "Mastering Card"
    }, 
    {
      "type": 25, 
      "name": "Matyr Card"
    }, 
    {
      "type": 6, 
      "name": "Matyr's Leash"
    }, 
    {
      "type": 6, 
      "name": "Matyr's Leash [1]"
    }, 
    {
      "type": 11, 
      "name": "Memento"
    }, 
    {
      "type": 2, 
      "name": "Memory Book"
    }, 
    {
      "type": 2, 
      "name": "Memory Book [1]"
    }, 
    {
      "type": 11, 
      "name": "Memory Gem"
    }, 
    {
      "type": 21, 
      "name": "Menblatt Card"
    }, 
    {
      "type": 11, 
      "name": "Mercury"
    }, 
    {
      "type": 21, 
      "name": "Meta Ant Egg Card"
    }, 
    {
      "type": 21, 
      "name": "Metaller Card"
    }, 
    {
      "type": 3, 
      "name": "Meteorite Armor"
    }, 
    {
      "type": 3, 
      "name": "Meteorite Armor [1]"
    }, 
    {
      "type": 26, 
      "name": "Mimic Card"
    }, 
    {
      "type": 16, 
      "name": "Mini Propeller"
    }, 
    {
      "type": 7, 
      "name": "Mini Propeller Blueprint"
    }, 
    {
      "type": 3, 
      "name": "Mink Coat"
    }, 
    {
      "type": 3, 
      "name": "Mink Coat [1]"
    }, 
    {
      "type": 21, 
      "name": "Minorous Card"
    }, 
    {
      "type": 16, 
      "name": "Minorous Horn"
    }, 
    {
      "type": 7, 
      "name": "Minorous Horn Blueprint"
    }, 
    {
      "type": 2, 
      "name": "Mirror Shield"
    }, 
    {
      "type": 2, 
      "name": "Mirror Shield [1]"
    }, 
    {
      "type": 27, 
      "name": "Mistress Card"
    }, 
    {
      "type": 9, 
      "name": "Mithril"
    }, 
    {
      "type": 3, 
      "name": "Mithril Gown"
    }, 
    {
      "type": 3, 
      "name": "Mithril Gown [1]"
    }, 
    {
      "type": 3, 
      "name": "Mithril Metal Armor"
    }, 
    {
      "type": 3, 
      "name": "Mithril Metal Armor [1]"
    }, 
    {
      "type": 9, 
      "name": "Mithril Stone"
    }, 
    {
      "type": 5, 
      "name": "Momo Shoes"
    }, 
    {
      "type": 5, 
      "name": "Momo Shoes [1]"
    }, 
    {
      "type": 17, 
      "name": "Monocle"
    }, 
    {
      "type": 7, 
      "name": "Monocle Blueprint"
    }, 
    {
      "type": 16, 
      "name": "Morpheus's Hood [1]"
    }, 
    {
      "type": 7, 
      "name": "Mr. Scream Blueprint"
    }, 
    {
      "type": 26, 
      "name": "Muka Card"
    }, 
    {
      "type": 21, 
      "name": "Multiplication Card"
    }, 
    {
      "type": 27, 
      "name": "Mummy *Card"
    }, 
    {
      "type": 21, 
      "name": "Mummy Card"
    }, 
    {
      "type": 23, 
      "name": "Munak *Card"
    }, 
    {
      "type": 22, 
      "name": "Munak Card"
    }, 
    {
      "type": 16, 
      "name": "Munak Hat [1]"
    }, 
    {
      "type": 7, 
      "name": "Munak Hat [1] Blueprint"
    }, 
    {
      "type": 1, 
      "name": "Muramasa [1]"
    }, 
    {
      "type": 1, 
      "name": "Muramasa [2]"
    }, 
    {
      "type": 21, 
      "name": "Mutant Dragonoid Card"
    }, 
    {
      "type": 24, 
      "name": "Myst Card"
    }, 
    {
      "type": 27, 
      "name": "Myst Case Card"
    }, 
    {
      "type": 25, 
      "name": "Mysteltainn Card"
    }, 
    {
      "type": 1, 
      "name": "Mystery Bow [1]"
    }, 
    {
      "type": 1, 
      "name": "Mystery Bow [2]"
    }, 
    {
      "type": 8, 
      "name": "Mystic Frozen"
    }, 
    {
      "type": 1, 
      "name": "Nagan [1]"
    }, 
    {
      "type": 1, 
      "name": "Nagan [2]"
    }, 
    {
      "type": 11, 
      "name": "Necklace of Oblivion"
    }, 
    {
      "type": 11, 
      "name": "Necklace of Wisdom"
    }, 
    {
      "type": 16, 
      "name": "Necktie [1]"
    }, 
    {
      "type": 7, 
      "name": "Necktie [1] Blueprint"
    }, 
    {
      "type": 1, 
      "name": "Nemesis [1]"
    }, 
    {
      "type": 1, 
      "name": "Nemesis [2]"
    }, 
    {
      "type": 27, 
      "name": "Nightmare Card"
    }, 
    {
      "type": 2, 
      "name": "Nile's Bracelet"
    }, 
    {
      "type": 2, 
      "name": "Nile's Bracelet [1]"
    }, 
    {
      "type": 25, 
      "name": "Nine Tail *Card"
    }, 
    {
      "type": 24, 
      "name": "Nine Tail Card"
    }, 
    {
      "type": 20, 
      "name": "Nine Tails"
    }, 
    {
      "type": 7, 
      "name": "Nine Tails Blueprint"
    }, 
    {
      "type": 3, 
      "name": "Ninja Suit Moonlight"
    }, 
    {
      "type": 3, 
      "name": "Ninja Suit Sakura"
    }, 
    {
      "type": 3, 
      "name": "Ninja Suit Sakura [1]"
    }, 
    {
      "type": 2, 
      "name": "Noble Bracer"
    }, 
    {
      "type": 2, 
      "name": "Noble Bracer [1]"
    }, 
    {
      "type": 1, 
      "name": "Noble Cross [1]"
    }, 
    {
      "type": 1, 
      "name": "Noble Cross [2]"
    }, 
    {
      "type": 8, 
      "name": "Normal Precision Stone"
    }, 
    {
      "type": 16, 
      "name": "Nurse Cap"
    }, 
    {
      "type": 17, 
      "name": "Nut on Head"
    }, 
    {
      "type": 7, 
      "name": "Nut on Head Blueprint"
    }, 
    {
      "type": 16, 
      "name": "Nut Shell"
    }, 
    {
      "type": 7, 
      "name": "Nut Shell Blueprint"
    }, 
    {
      "type": 13, 
      "name": "Nutrition Potion"
    }, 
    {
      "type": 26, 
      "name": "Obeaune Card"
    }, 
    {
      "type": 17, 
      "name": "Observer"
    }, 
    {
      "type": 7, 
      "name": "Observer Blueprint"
    }, 
    {
      "type": 4, 
      "name": "Obsidian Cape"
    }, 
    {
      "type": 4, 
      "name": "Obsidian Cape [1]"
    }, 
    {
      "type": 26, 
      "name": "Orc Archer Card"
    }, 
    {
      "type": 24, 
      "name": "Orc Baby Card"
    }, 
    {
      "type": 11, 
      "name": "Orc Claw"
    }, 
    {
      "type": 16, 
      "name": "Orc Helm"
    }, 
    {
      "type": 7, 
      "name": "Orc Helm Blueprint"
    }, 
    {
      "type": 21, 
      "name": "Orc Lady Card"
    }, 
    {
      "type": 16, 
      "name": "Orc Lord Helm [1]"
    }, 
    {
      "type": 7, 
      "name": "Orc Lord Helm [1] Blueprint"
    }, 
    {
      "type": 21, 
      "name": "Orc Skeleton Card"
    }, 
    {
      "type": 22, 
      "name": "Orc Warrior Card"
    }, 
    {
      "type": 24, 
      "name": "Orc Zombie Card"
    }, 
    {
      "type": 1, 
      "name": "Orcish Axe [1]"
    }, 
    {
      "type": 1, 
      "name": "Orcish Axe [2]"
    }, 
    {
      "type": 11, 
      "name": "Orcish Voucher"
    }, 
    {
      "type": 9, 
      "name": "Oridecon"
    }, 
    {
      "type": 6, 
      "name": "Orleans Necklace"
    }, 
    {
      "type": 6, 
      "name": "Orleans Necklace [1]"
    }, 
    {
      "type": 6, 
      "name": "Orleans's Gloves"
    }, 
    {
      "type": 6, 
      "name": "Orleans's Gloves [1]"
    }, 
    {
      "type": 3, 
      "name": "Orleans's Gown"
    }, 
    {
      "type": 3, 
      "name": "Orleans's Gown [1]"
    }, 
    {
      "type": 2, 
      "name": "Orleans's Server"
    }, 
    {
      "type": 2, 
      "name": "Orleans's Server [1]"
    }, 
    {
      "type": 26, 
      "name": "Osiris Card"
    }, 
    {
      "type": 21, 
      "name": "Owl Duke Card"
    }, 
    {
      "type": 17, 
      "name": "Oxygen Mask"
    }, 
    {
      "type": 7, 
      "name": "Oxygen Mask Blueprint"
    }, 
    {
      "type": 16, 
      "name": "Pagdayaw [1]"
    }, 
    {
      "type": 7, 
      "name": "Pagdayaw [1] Blueprint"
    }, 
    {
      "type": 3, 
      "name": "Panties"
    }, 
    {
      "type": 3, 
      "name": "Panties [1]"
    }, 
    {
      "type": 16, 
      "name": "Parcel Hat"
    }, 
    {
      "type": 11, 
      "name": "Parts"
    }, 
    {
      "type": 16, 
      "name": "Party Recruiter Hat"
    }, 
    {
      "type": 23, 
      "name": "Pasana Card"
    }, 
    {
      "type": 4, 
      "name": "Pauldron"
    }, 
    {
      "type": 4, 
      "name": "Pauldron [1]"
    }, 
    {
      "type": 11, 
      "name": "Pearl"
    }, 
    {
      "type": 23, 
      "name": "Peco Peco Card"
    }, 
    {
      "type": 21, 
      "name": "Peco Peco Egg Card"
    }, 
    {
      "type": 16, 
      "name": "Peco Peco Hairband"
    }, 
    {
      "type": 7, 
      "name": "Peco Peco Hairband Blueprint"
    }, 
    {
      "type": 22, 
      "name": "Penomena Card"
    }, 
    {
      "type": 18, 
      "name": "Perm Demon"
    }, 
    {
      "type": 20, 
      "name": "Petite's Tail"
    }, 
    {
      "type": 7, 
      "name": "Petite's Tail Blueprint"
    }, 
    {
      "type": 26, 
      "name": "Phen Card"
    }, 
    {
      "type": 23, 
      "name": "Picky Card"
    }, 
    {
      "type": 1, 
      "name": "Piercing Staff [1]"
    }, 
    {
      "type": 1, 
      "name": "Piercing Staff [2]"
    }, 
    {
      "type": 17, 
      "name": "Pinocchio's Nose"
    }, 
    {
      "type": 7, 
      "name": "Pinocchio's Nose Blueprint"
    }, 
    {
      "type": 19, 
      "name": "Pipe"
    }, 
    {
      "type": 7, 
      "name": "Pipe Blueprint"
    }, 
    {
      "type": 16, 
      "name": "Pirate Bandana [1]"
    }, 
    {
      "type": 7, 
      "name": "Pirate Bandana [1] Blueprint"
    }, 
    {
      "type": 27, 
      "name": "Pirate Skeleton Card"
    }, 
    {
      "type": 16, 
      "name": "Pisces Crown"
    }, 
    {
      "type": 7, 
      "name": "Pisces Crown Blueprint"
    }, 
    {
      "type": 16, 
      "name": "Pointer Headwear"
    }, 
    {
      "type": 7, 
      "name": "Pointer Headwear Blueprint"
    }, 
    {
      "type": 1, 
      "name": "Poison Knife [1]"
    }, 
    {
      "type": 1, 
      "name": "Poison Knife [2]"
    }, 
    {
      "type": 26, 
      "name": "Poison Spore Card"
    }, 
    {
      "type": 17, 
      "name": "Poker Face"
    }, 
    {
      "type": 7, 
      "name": "Poker Face Blueprint"
    }, 
    {
      "type": 1, 
      "name": "Pole Axe [1]"
    }, 
    {
      "type": 1, 
      "name": "Pole Axe [2]"
    }, 
    {
      "type": 16, 
      "name": "Poo Poo Hat"
    }, 
    {
      "type": 7, 
      "name": "Poo Poo Hat Blueprint"
    }, 
    {
      "type": 23, 
      "name": "Poring Card"
    }, 
    {
      "type": 16, 
      "name": "Poring Hat"
    }, 
    {
      "type": 7, 
      "name": "Poring Hat Blueprint"
    }, 
    {
      "type": 6, 
      "name": "Powerful Ring"
    }, 
    {
      "type": 6, 
      "name": "Powerful Ring [1]"
    }, 
    {
      "type": 14, 
      "name": "Premium for novice"
    }, 
    {
      "type": 16, 
      "name": "Pretend Murdered"
    }, 
    {
      "type": 4, 
      "name": "Prophet Cape"
    }, 
    {
      "type": 24, 
      "name": "Punk Card"
    }, 
    {
      "type": 24, 
      "name": "Pupa *Card"
    }, 
    {
      "type": 23, 
      "name": "Pupa Card"
    }, 
    {
      "type": 16, 
      "name": "Puppy Headband"
    }, 
    {
      "type": 7, 
      "name": "Puppy Headband Blueprint"
    }, 
    {
      "type": 16, 
      "name": "Puppy Love"
    }, 
    {
      "type": 16, 
      "name": "Queen's Hair Ornament"
    }, 
    {
      "type": 7, 
      "name": "Queen's Hair Ornament Blueprint"
    }, 
    {
      "type": 18, 
      "name": "Quiver"
    }, 
    {
      "type": 7, 
      "name": "Quiver Blueprint"
    }, 
    {
      "type": 11, 
      "name": "Raccoon Leaf"
    }, 
    {
      "type": 4, 
      "name": "Ragamuffin Manteau"
    }, 
    {
      "type": 4, 
      "name": "Ragamuffin Manteau [1]"
    }, 
    {
      "type": 21, 
      "name": "Rain of Arrow Card"
    }, 
    {
      "type": 13, 
      "name": "Rainbow Carrot"
    }, 
    {
      "type": 16, 
      "name": "Rainbow Unicorn"
    }, 
    {
      "type": 7, 
      "name": "Rainbow Unicorn Blueprint"
    }, 
    {
      "type": 16, 
      "name": "Ramen Hat [1]"
    }, 
    {
      "type": 7, 
      "name": "Ramen Hat [1] Blueprint"
    }, 
    {
      "type": 3, 
      "name": "Ranger Clothes"
    }, 
    {
      "type": 3, 
      "name": "Ranger Clothes [1]"
    }, 
    {
      "type": 8, 
      "name": "Rapid Atk Alloy"
    }, 
    {
      "type": 21, 
      "name": "Raydric Archer Card"
    }, 
    {
      "type": 24, 
      "name": "Raydric Card"
    }, 
    {
      "type": 16, 
      "name": "Red Bandana"
    }, 
    {
      "type": 11, 
      "name": "Red Ribbon"
    }, 
    {
      "type": 2, 
      "name": "Red Square Bag"
    }, 
    {
      "type": 16, 
      "name": "Reindeer Umbrella"
    }, 
    {
      "type": 7, 
      "name": "Reindeer umbrella Blueprint"
    }, 
    {
      "type": 1, 
      "name": "Release of Wish [1]"
    }, 
    {
      "type": 16, 
      "name": "Renown Detective's Cap [1]"
    }, 
    {
      "type": 5, 
      "name": "Rescuer Shoes"
    }, 
    {
      "type": 5, 
      "name": "Rescuer Shoes [1]"
    }, 
    {
      "type": 16, 
      "name": "Ribbon [1]"
    }, 
    {
      "type": 7, 
      "name": "Ribbon [1] Blueprint"
    }, 
    {
      "type": 4, 
      "name": "Rider Insignia"
    }, 
    {
      "type": 4, 
      "name": "Rider Insignia [1]"
    }, 
    {
      "type": 27, 
      "name": "Rideword Card"
    }, 
    {
      "type": 16, 
      "name": "RJC Katusa Flower [1]"
    }, 
    {
      "type": 3, 
      "name": "Robe of Cast"
    }, 
    {
      "type": 3, 
      "name": "Robe of Cast [1]"
    }, 
    {
      "type": 27, 
      "name": "Rocker *Card"
    }, 
    {
      "type": 21, 
      "name": "Rocker Card"
    }, 
    {
      "type": 23, 
      "name": "Roda Frog Card"
    }, 
    {
      "type": 3, 
      "name": "Rogue Clothes"
    }, 
    {
      "type": 3, 
      "name": "Rogue Clothes [1]"
    }, 
    {
      "type": 1, 
      "name": "Roguemaster's Bow [1]"
    }, 
    {
      "type": 1, 
      "name": "Roguemaster's Bow [2]"
    }, 
    {
      "type": 16, 
      "name": "Romantic Gent"
    }, 
    {
      "type": 7, 
      "name": "Romantic Gent Blueprint"
    }, 
    {
      "type": 19, 
      "name": "Romantic Leaf"
    }, 
    {
      "type": 2, 
      "name": "Rosa Bracelet"
    }, 
    {
      "type": 2, 
      "name": "Rosa Bracelet [1]"
    }, 
    {
      "type": 6, 
      "name": "Rosary"
    }, 
    {
      "type": 6, 
      "name": "Rosary [1]"
    }, 
    {
      "type": 11, 
      "name": "Rose Quartz"
    }, 
    {
      "type": 18, 
      "name": "Rose Snowman Horn"
    }, 
    {
      "type": 7, 
      "name": "Rose Snowman Horn Blueprint"
    }, 
    {
      "type": 21, 
      "name": "Rotar Zairo Card"
    }, 
    {
      "type": 11, 
      "name": "Rotten Bandage"
    }, 
    {
      "type": 9, 
      "name": "Rough Elunium"
    }, 
    {
      "type": 9, 
      "name": "Rough Oridecon"
    }, 
    {
      "type": 8, 
      "name": "Rough Wind"
    }, 
    {
      "type": 2, 
      "name": "Round Buckleer"
    }, 
    {
      "type": 2, 
      "name": "Round Buckleer [1]"
    }, 
    {
      "type": 8, 
      "name": "Royal Jelly"
    }, 
    {
      "type": 2, 
      "name": "Royal Silver Shield"
    }, 
    {
      "type": 2, 
      "name": "Royal Silver Shield [1]"
    }, 
    {
      "type": 16, 
      "name": "Rudolph's Horn [1]"
    }, 
    {
      "type": 7, 
      "name": "Rudolph's Horn [1] Blueprint"
    }, 
    {
      "type": 1, 
      "name": "Rudra Bow [1]"
    }, 
    {
      "type": 1, 
      "name": "Rudra Bow [2]"
    }, 
    {
      "type": 4, 
      "name": "Rune Armor"
    }, 
    {
      "type": 4, 
      "name": "Rune Armor [1]"
    }, 
    {
      "type": 5, 
      "name": "Rune Boots"
    }, 
    {
      "type": 5, 
      "name": "Rune Boots [1]"
    }, 
    {
      "type": 16, 
      "name": "Rune Circlet [1]"
    }, 
    {
      "type": 5, 
      "name": "Rune Shoes"
    }, 
    {
      "type": 5, 
      "name": "Rune Shoes [1]"
    }, 
    {
      "type": 1, 
      "name": "Sabbath [1]"
    }, 
    {
      "type": 1, 
      "name": "Sabbath [2]"
    }, 
    {
      "type": 5, 
      "name": "Sack Teddy Shoes"
    }, 
    {
      "type": 5, 
      "name": "Sack Teddy Shoes [1]"
    }, 
    {
      "type": 2, 
      "name": "Sacred Mission"
    }, 
    {
      "type": 2, 
      "name": "Sacred Mission [1]"
    }, 
    {
      "type": 2, 
      "name": "Sacrifice Book"
    }, 
    {
      "type": 5, 
      "name": "Safety Boots"
    }, 
    {
      "type": 5, 
      "name": "Safety Boots [1]"
    }, 
    {
      "type": 16, 
      "name": "Safety Helmet"
    }, 
    {
      "type": 7, 
      "name": "Safety Helmet Blueprint"
    }, 
    {
      "type": 3, 
      "name": "Saint's Cape"
    }, 
    {
      "type": 3, 
      "name": "Saint's Cape [1]"
    }, 
    {
      "type": 3, 
      "name": "Saint's Robe"
    }, 
    {
      "type": 3, 
      "name": "Saint's Robe [1]"
    }, 
    {
      "type": 16, 
      "name": "Sakkat"
    }, 
    {
      "type": 7, 
      "name": "Sakkat Blueprint"
    }, 
    {
      "type": 16, 
      "name": "Samambaia [1]"
    }, 
    {
      "type": 23, 
      "name": "Sandman Card"
    }, 
    {
      "type": 1, 
      "name": "Sandstorm [1]"
    }, 
    {
      "type": 1, 
      "name": "Sandstorm [2]"
    }, 
    {
      "type": 16, 
      "name": "Santa Hat"
    }, 
    {
      "type": 26, 
      "name": "Santa Poring Card"
    }, 
    {
      "type": 3, 
      "name": "Saphien's Armor of Ocean"
    }, 
    {
      "type": 3, 
      "name": "Saphien's Armor of Ocean [1]"
    }, 
    {
      "type": 1, 
      "name": "Sashimi [1]"
    }, 
    {
      "type": 1, 
      "name": "Sashimi [2]"
    }, 
    {
      "type": 23, 
      "name": "Savage Card"
    }, 
    {
      "type": 1, 
      "name": "Scalpel [1]"
    }, 
    {
      "type": 1, 
      "name": "Scalpel [2]"
    }, 
    {
      "type": 3, 
      "name": "Scapulare"
    }, 
    {
      "type": 3, 
      "name": "Scapulare [1]"
    }, 
    {
      "type": 1, 
      "name": "Scarlet Bolt [1]"
    }, 
    {
      "type": 11, 
      "name": "Scarlet Dyestuffs"
    }, 
    {
      "type": 11, 
      "name": "Scell"
    }, 
    {
      "type": 16, 
      "name": "Scorpio Crown"
    }, 
    {
      "type": 7, 
      "name": "Scorpio Crown Blueprint"
    }, 
    {
      "type": 26, 
      "name": "Scorpion Card"
    }, 
    {
      "type": 27, 
      "name": "Sealed Apocalypse Card"
    }, 
    {
      "type": 27, 
      "name": "Sealed Lady White Snake Card"
    }, 
    {
      "type": 11, 
      "name": "Seed of Mastela"
    }, 
    {
      "type": 22, 
      "name": "Shadow Hunt Card"
    }, 
    {
      "type": 16, 
      "name": "Sheila Hairnet"
    }, 
    {
      "type": 2, 
      "name": "Shield of Naga"
    }, 
    {
      "type": 2, 
      "name": "Shield of Naga [1]"
    }, 
    {
      "type": 13, 
      "name": "Shining Stone"
    }, 
    {
      "type": 5, 
      "name": "Shoes"
    }, 
    {
      "type": 5, 
      "name": "Shoes [1]"
    }, 
    {
      "type": 3, 
      "name": "Silk Robe"
    }, 
    {
      "type": 3, 
      "name": "Silk Robe [1]"
    }, 
    {
      "type": 13, 
      "name": "Silver Knife of Chastity"
    }, 
    {
      "type": 3, 
      "name": "Silver Robe"
    }, 
    {
      "type": 16, 
      "name": "Silver Tiara"
    }, 
    {
      "type": 16, 
      "name": "Singing Bird"
    }, 
    {
      "type": 7, 
      "name": "Singing Bird Blueprint"
    }, 
    {
      "type": 11, 
      "name": "Skel-Bone"
    }, 
    {
      "type": 21, 
      "name": "Skeleton Card"
    }, 
    {
      "type": 16, 
      "name": "Skeleton Helm [1]"
    }, 
    {
      "type": 7, 
      "name": "Skeleton Helm [1] Blueprint"
    }, 
    {
      "type": 21, 
      "name": "Skeleton Worker Card"
    }, 
    {
      "type": 2, 
      "name": "Skull Bracer"
    }, 
    {
      "type": 2, 
      "name": "Skull Bracer [1]"
    }, 
    {
      "type": 16, 
      "name": "Skull Hood [1]"
    }, 
    {
      "type": 22, 
      "name": "Sky Petite Card"
    }, 
    {
      "type": 1, 
      "name": "Slash [1]"
    }, 
    {
      "type": 1, 
      "name": "Slash [2]"
    }, 
    {
      "type": 1, 
      "name": "Slash Axe [1]"
    }, 
    {
      "type": 1, 
      "name": "Slaughter [1]"
    }, 
    {
      "type": 1, 
      "name": "Slaughter [2]"
    }, 
    {
      "type": 1, 
      "name": "Slaughter Hand Axe [1]"
    }, 
    {
      "type": 8, 
      "name": "Sleepless Stone"
    }, 
    {
      "type": 8, 
      "name": "Slow Atk Alloy"
    }, 
    {
      "type": 16, 
      "name": "Small Ribbons [1]"
    }, 
    {
      "type": 7, 
      "name": "Small Ribbons [1] Blueprint"
    }, 
    {
      "type": 17, 
      "name": "Smile Goblin Mask"
    }, 
    {
      "type": 7, 
      "name": "Smile Goblin Mask Blueprint"
    }, 
    {
      "type": 17, 
      "name": "Smile Mask"
    }, 
    {
      "type": 26, 
      "name": "Smokie Card"
    }, 
    {
      "type": 16, 
      "name": "Smokie Leaf Headwear"
    }, 
    {
      "type": 3, 
      "name": "Sniping Suit"
    }, 
    {
      "type": 3, 
      "name": "Sniping Suit [1]"
    }, 
    {
      "type": 16, 
      "name": "Snow Mage Hat"
    }, 
    {
      "type": 7, 
      "name": "Snow Mage Hat Blueprint"
    }, 
    {
      "type": 18, 
      "name": "Snowman Horn"
    }, 
    {
      "type": 7, 
      "name": "Snowman Horn Blueprint"
    }, 
    {
      "type": 11, 
      "name": "Soft Feather"
    }, 
    {
      "type": 25, 
      "name": "Sohee Card"
    }, 
    {
      "type": 5, 
      "name": "Soldier Boots"
    }, 
    {
      "type": 5, 
      "name": "Soldier Boots [1]"
    }, 
    {
      "type": 21, 
      "name": "Soldier Skeleton Card"
    }, 
    {
      "type": 17, 
      "name": "Spashire's Whisper"
    }, 
    {
      "type": 7, 
      "name": "Spashire's Whisper Blueprint"
    }, 
    {
      "type": 1, 
      "name": "Spearfish Pike [1]"
    }, 
    {
      "type": 1, 
      "name": "Spearfish Pike [2]"
    }, 
    {
      "type": 19, 
      "name": "Spiked Scarf"
    }, 
    {
      "type": 16, 
      "name": "Spiky Band"
    }, 
    {
      "type": 7, 
      "name": "Spiky Band Blueprint"
    }, 
    {
      "type": 26, 
      "name": "Spore Card"
    }, 
    {
      "type": 16, 
      "name": "Spore Hat [1]"
    }, 
    {
      "type": 18, 
      "name": "Spring"
    }, 
    {
      "type": 7, 
      "name": "Spring Blueprint"
    }, 
    {
      "type": 5, 
      "name": "Sprint Shoes"
    }, 
    {
      "type": 5, 
      "name": "Sprint Shoes [1]"
    }, 
    {
      "type": 1, 
      "name": "Staff of Element Fusion [1]"
    }, 
    {
      "type": 1, 
      "name": "Staff of Element Fusion [2]"
    }, 
    {
      "type": 1, 
      "name": "Staff of Wing [1]"
    }, 
    {
      "type": 11, 
      "name": "Star Crumb"
    }, 
    {
      "type": 3, 
      "name": "Stardust Robe"
    }, 
    {
      "type": 3, 
      "name": "Stardust Robe [1]"
    }, 
    {
      "type": 2, 
      "name": "Static Shield"
    }, 
    {
      "type": 2, 
      "name": "Static Shield [1]"
    }, 
    {
      "type": 2, 
      "name": "Statue of Archangel"
    }, 
    {
      "type": 2, 
      "name": "Statue of Guardian Angel"
    }, 
    {
      "type": 2, 
      "name": "Statue of Guardian Angel [1]"
    }, 
    {
      "type": 2, 
      "name": "Statue of Judgement"
    }, 
    {
      "type": 2, 
      "name": "Statue of Judgement [1]"
    }, 
    {
      "type": 2, 
      "name": "Statue of Mother Mary [1]"
    }, 
    {
      "type": 3, 
      "name": "Staunch Armor"
    }, 
    {
      "type": 3, 
      "name": "Staunch Armor [1]"
    }, 
    {
      "type": 4, 
      "name": "Staunch Cape"
    }, 
    {
      "type": 4, 
      "name": "Staunch Cape [1]"
    }, 
    {
      "type": 3, 
      "name": "Staunch Clothes"
    }, 
    {
      "type": 3, 
      "name": "Staunch Clothes [1]"
    }, 
    {
      "type": 4, 
      "name": "Staunch Mana Manteau"
    }, 
    {
      "type": 4, 
      "name": "Staunch Mana Manteau [1]"
    }, 
    {
      "type": 6, 
      "name": "Staunch Ring"
    }, 
    {
      "type": 6, 
      "name": "Staunch Ring [1]"
    }, 
    {
      "type": 5, 
      "name": "Staunch Shoes"
    }, 
    {
      "type": 5, 
      "name": "Staunch Shoes [1]"
    }, 
    {
      "type": 21, 
      "name": "Steam Goblin Card"
    }, 
    {
      "type": 11, 
      "name": "Steel"
    }, 
    {
      "type": 16, 
      "name": "Stellar"
    }, 
    {
      "type": 7, 
      "name": "Stellar Blueprint"
    }, 
    {
      "type": 26, 
      "name": "Stem Worm Card"
    }, 
    {
      "type": 11, 
      "name": "Sticky Mucus"
    }, 
    {
      "type": 21, 
      "name": "Sting *Card"
    }, 
    {
      "type": 22, 
      "name": "Sting Card"
    }, 
    {
      "type": 16, 
      "name": "Sting hat"
    }, 
    {
      "type": 7, 
      "name": "Sting hat Blueprint"
    }, 
    {
      "type": 2, 
      "name": "Stone Buckler"
    }, 
    {
      "type": 2, 
      "name": "Stone Buckler [1]"
    }, 
    {
      "type": 16, 
      "name": "Stone Heart [1]"
    }, 
    {
      "type": 7, 
      "name": "Stone Heart [1] Blueprint"
    }, 
    {
      "type": 16, 
      "name": "Stop Post"
    }, 
    {
      "type": 7, 
      "name": "Stop Post Blueprint"
    }, 
    {
      "type": 1, 
      "name": "Storm Pike [1]"
    }, 
    {
      "type": 1, 
      "name": "Storm Pike [2]"
    }, 
    {
      "type": 17, 
      "name": "Strange Goblin Mask"
    }, 
    {
      "type": 7, 
      "name": "Strange Goblin Mask Blueprint"
    }, 
    {
      "type": 6, 
      "name": "Strength Ring"
    }, 
    {
      "type": 6, 
      "name": "Strength Ring [1]"
    }, 
    {
      "type": 2, 
      "name": "Strong Shield"
    }, 
    {
      "type": 21, 
      "name": "Strouf Card"
    }, 
    {
      "type": 1, 
      "name": "Studded Knuckles [1]"
    }, 
    {
      "type": 23, 
      "name": "Succubus Card"
    }, 
    {
      "type": 16, 
      "name": "Succubus Horn"
    }, 
    {
      "type": 7, 
      "name": "Succubus Horn Blueprint"
    }, 
    {
      "type": 3, 
      "name": "Summoner Coat"
    }, 
    {
      "type": 3, 
      "name": "Summoner Coat [1]"
    }, 
    {
      "type": 16, 
      "name": "Sunday Hat"
    }, 
    {
      "type": 7, 
      "name": "Sunday Hat Blueprint"
    }, 
    {
      "type": 17, 
      "name": "Sunglasses"
    }, 
    {
      "type": 7, 
      "name": "Sunglasses Blueprint"
    }, 
    {
      "type": 11, 
      "name": "Super Boost"
    }, 
    {
      "type": 17, 
      "name": "Surprised Mask"
    }, 
    {
      "type": 7, 
      "name": "Surprised Mask Blueprint"
    }, 
    {
      "type": 4, 
      "name": "Survivor's Manteau"
    }, 
    {
      "type": 4, 
      "name": "Survivor's Manteau [1]"
    }, 
    {
      "type": 1, 
      "name": "Survivor's Rod [1]"
    }, 
    {
      "type": 1, 
      "name": "Survivor's Rod [2]"
    }, 
    {
      "type": 16, 
      "name": "Sweet Gent"
    }, 
    {
      "type": 7, 
      "name": "Sweet Gent Blueprint"
    }, 
    {
      "type": 13, 
      "name": "Sweet Milk"
    }, 
    {
      "type": 17, 
      "name": "Swim Goggles"
    }, 
    {
      "type": 7, 
      "name": "Swim Goggles Blueprint"
    }, 
    {
      "type": 1, 
      "name": "Sword Mace [1]"
    }, 
    {
      "type": 1, 
      "name": "Sword Mace [2]"
    }, 
    {
      "type": 23, 
      "name": "Swordfish Card"
    }, 
    {
      "type": 26, 
      "name": "Tarou *Card"
    }, 
    {
      "type": 26, 
      "name": "Tarou Card"
    }, 
    {
      "type": 16, 
      "name": "Taurus Crown"
    }, 
    {
      "type": 7, 
      "name": "Taurus Crown Blueprint"
    }, 
    {
      "type": 22, 
      "name": "Teddy Bear Card"
    }, 
    {
      "type": 11, 
      "name": "Temporal Crystal"
    }, 
    {
      "type": 22, 
      "name": "Thara Frog *Card"
    }, 
    {
      "type": 23, 
      "name": "Thara Frog Card"
    }, 
    {
      "type": 16, 
      "name": "The turkey goes gobble, gobble, gobble!"
    }, 
    {
      "type": 22, 
      "name": "Thief Bug Card"
    }, 
    {
      "type": 22, 
      "name": "Thief Bug Egg Card"
    }, 
    {
      "type": 3, 
      "name": "Thief Clothes"
    }, 
    {
      "type": 3, 
      "name": "Thief Clothes [1]"
    }, 
    {
      "type": 5, 
      "name": "Through-War Shoes"
    }, 
    {
      "type": 5, 
      "name": "Through-War Shoes [1]"
    }, 
    {
      "type": 16, 
      "name": "Thunderstorm Cloud"
    }, 
    {
      "type": 7, 
      "name": "Thunderstorm Cloud Blueprint"
    }, 
    {
      "type": 16, 
      "name": "Tiara [1]"
    }, 
    {
      "type": 7, 
      "name": "Tiara [1] Blueprint"
    }, 
    {
      "type": 5, 
      "name": "Tidal Shoes"
    }, 
    {
      "type": 5, 
      "name": "Tidal Shoes [1]"
    }, 
    {
      "type": 3, 
      "name": "Tights"
    }, 
    {
      "type": 3, 
      "name": "Tights [1]"
    }, 
    {
      "type": 11, 
      "name": "Time Twister"
    }, 
    {
      "type": 24, 
      "name": "Toad Card"
    }, 
    {
      "type": 1, 
      "name": "Tooth Blade [1]"
    }, 
    {
      "type": 11, 
      "name": "Topaz"
    }, 
    {
      "type": 16, 
      "name": "Toy Nail [1]"
    }, 
    {
      "type": 7, 
      "name": "Toy Nail [1] Blueprint"
    }, 
    {
      "type": 13, 
      "name": "Tropical Banana"
    }, 
    {
      "type": 16, 
      "name": "Turban"
    }, 
    {
      "type": 7, 
      "name": "Turkey Grr Blueprint"
    }, 
    {
      "type": 16, 
      "name": "Ulle's Cap [1]"
    }, 
    {
      "type": 7, 
      "name": "Ulle's Cap [1] Blueprint"
    }, 
    {
      "type": 4, 
      "name": "Undershirt"
    }, 
    {
      "type": 4, 
      "name": "Undershirt [1]"
    }, 
    {
      "type": 16, 
      "name": "Unicorn Horn"
    }, 
    {
      "type": 7, 
      "name": "Unicorn Horn Blueprint"
    }, 
    {
      "type": 16, 
      "name": "Unit-05 Helmet"
    }, 
    {
      "type": 7, 
      "name": "Unit-05 Helmet Blueprint"
    }, 
    {
      "type": 21, 
      "name": "Vadon Card"
    }, 
    {
      "type": 24, 
      "name": "Vagabond Wolf Card"
    }, 
    {
      "type": 16, 
      "name": "Valkyrie Helm [1]"
    }, 
    {
      "type": 7, 
      "name": "Valkyrie Helm [1] Blueprint"
    }, 
    {
      "type": 1, 
      "name": "Vecer Axe [1]"
    }, 
    {
      "type": 1, 
      "name": "Vecer Axe [2]"
    }, 
    {
      "type": 1, 
      "name": "Venom Dagger [1]"
    }, 
    {
      "type": 1, 
      "name": "Venom Dagger [2]"
    }, 
    {
      "type": 25, 
      "name": "Verit Card"
    }, 
    {
      "type": 2, 
      "name": "Vinkt's Bracelet"
    }, 
    {
      "type": 2, 
      "name": "Vinkt's Bracelet [1]"
    }, 
    {
      "type": 11, 
      "name": "Violet Dyestuffs"
    }, 
    {
      "type": 16, 
      "name": "Virgo Crown"
    }, 
    {
      "type": 7, 
      "name": "Virgo Crown Blueprint"
    }, 
    {
      "type": 6, 
      "name": "VIT Necklace"
    }, 
    {
      "type": 6, 
      "name": "VIT Necklace [1]"
    }, 
    {
      "type": 21, 
      "name": "Vitata Card"
    }, 
    {
      "type": 21, 
      "name": "Vocal Card"
    }, 
    {
      "type": 1, 
      "name": "Waghnak [1]"
    }, 
    {
      "type": 1, 
      "name": "Waghnak [2]"
    }, 
    {
      "type": 21, 
      "name": "Wanderer Card"
    }, 
    {
      "type": 8, 
      "name": "Warm Stone"
    }, 
    {
      "type": 1, 
      "name": "Water Axe [1]"
    }, 
    {
      "type": 1, 
      "name": "Water Axe [2]"
    }, 
    {
      "type": 1, 
      "name": "Water Knife [1]"
    }, 
    {
      "type": 1, 
      "name": "Water Knife [2]"
    }, 
    {
      "type": 26, 
      "name": "Weak Puppet Card"
    }, 
    {
      "type": 8, 
      "name": "Weapon Repair Alloy"
    }, 
    {
      "type": 16, 
      "name": "Wedding Veil"
    }, 
    {
      "type": 7, 
      "name": "Wedding Veil Blueprint"
    }, 
    {
      "type": 13, 
      "name": "Well-Dried Bone"
    }, 
    {
      "type": 16, 
      "name": "Western Grace"
    }, 
    {
      "type": 7, 
      "name": "Western Grace Blueprint"
    }, 
    {
      "type": 24, 
      "name": "Whisper Card"
    }, 
    {
      "type": 16, 
      "name": "Whisper Mask"
    }, 
    {
      "type": 7, 
      "name": "Whisper Mask Blueprint"
    }, 
    {
      "type": 8, 
      "name": "Whisper Stone"
    }, 
    {
      "type": 11, 
      "name": "White Dyestuffs"
    }, 
    {
      "type": 24, 
      "name": "Wild Rose *Card"
    }, 
    {
      "type": 25, 
      "name": "Wild Rose Card"
    }, 
    {
      "type": 24, 
      "name": "Willow *Card"
    }, 
    {
      "type": 27, 
      "name": "Willow Card"
    }, 
    {
      "type": 26, 
      "name": "Wind Ghost Card"
    }, 
    {
      "type": 1, 
      "name": "Wind Hammer [1]"
    }, 
    {
      "type": 1, 
      "name": "Wind Hammer [2]"
    }, 
    {
      "type": 1, 
      "name": "Wind Knife [1]"
    }, 
    {
      "type": 1, 
      "name": "Wind Knife [2]"
    }, 
    {
      "type": 1, 
      "name": "Windhawk [1]"
    }, 
    {
      "type": 4, 
      "name": "Windrunner Cape"
    }, 
    {
      "type": 4, 
      "name": "Windrunner Cape [1]"
    }, 
    {
      "type": 1, 
      "name": "Wing Staff [1]"
    }, 
    {
      "type": 1, 
      "name": "Wing Staff [2]"
    }, 
    {
      "type": 11, 
      "name": "Witch Star Dust"
    }, 
    {
      "type": 16, 
      "name": "Wizard Hat [1]"
    }, 
    {
      "type": 1, 
      "name": "Wizardry Staff [1]"
    }, 
    {
      "type": 1, 
      "name": "Wizardry Staff [2]"
    }, 
    {
      "type": 21, 
      "name": "Wolf Card"
    }, 
    {
      "type": 22, 
      "name": "Wood Goblin Card"
    }, 
    {
      "type": 3, 
      "name": "Wooden Mail"
    }, 
    {
      "type": 3, 
      "name": "Wooden Mail [1]"
    }, 
    {
      "type": 26, 
      "name": "Wormtail Card"
    }, 
    {
      "type": 26, 
      "name": "Wraith Card"
    }, 
    {
      "type": 11, 
      "name": "Wrapping Lace"
    }, 
    {
      "type": 8, 
      "name": "Yggdrasil Berry"
    }, 
    {
      "type": 26, 
      "name": "Yoyo Card"
    }, 
    {
      "type": 11, 
      "name": "Zargon"
    }, 
    {
      "type": 26, 
      "name": "Zerom Card"
    }, 
    {
      "type": 21, 
      "name": "Zherlthsh Card"
    }, 
    {
      "type": 26, 
      "name": "Zipper Bear *Card"
    }, 
    {
      "type": 21, 
      "name": "Zipper Bear Card"
    }, 
    {
      "type": 11, 
      "name": "Zircon"
    }, 
    {
      "type": 17, 
      "name": "Zorro Masque"
    }
]