{
  "extends": ["tslint:recommended", "tslint-react", "tslint-config-prettier"],
  "linterOptions": {
    "exclude": [
      "config/**/*.js",
      "node_modules/**/*.ts",
      "coverage/lcov-report/*.js",
      "**/*.json"
    ]
  },
  "rules": {
    "ordered-imports": false,
    "object-literal-sort-keys": false,
    "no-var-requires": false,
    "no-console": false,
    "member-access": false,
    "member-ordering": false,
    "no-string-literal": false,
    "semicolon": [true, "always"],
    "interface-name": false
  }
}
